Workbook

Sheet Sheet1
A1: 文本序 | B1: 股票代码 | C1: 股票名称 | D1: 开始日期 | E1: 结束日期 | F1: 操纵期间 | G1: 处罚宣告日 | H1: 备注
A2: 202423 | B2: =VLOOKUP(C2,'[1]全部股票代码（手动检索）'!A:B,2,0) -> 002730.SZ | C2: 电光科技 | D2: 44180 | E2: 44517 | G2: 45352
A3: 202409 | B3: 400252.SZ | C3: 美尚生态 | D3: 43263 | E3: 44015 | G3: 45307
B4: =VLOOKUP(C4,[1]补充空白与2019的股票代码!A:B,2,0) -> 603518.SH | C4: 维格娜丝 | D4: 42941 | E4: 42961 | F4: 2017年7月25日至8月14日 | G4: 45306 | H4: 1支股票在两段时期内被操纵
B5: =VLOOKUP(C5,[1]补充空白与2019的股票代码!A:B,2,0) -> 603518.SH | C5: 维格娜丝 | D5: 42970 | E5: 42992 | F5: 2017年8月23日至9月14日 | G5: 45306
B6: =VLOOKUP(C6,[1]补充空白与2019的股票代码!A:B,2,0) -> 603665.SH | C6: 康隆达 | D6: 42998 | E6: 43007 | F6: 2017年9月20日至9月29日 | G6: 45306
B7: =VLOOKUP(C7,[1]补充空白与2019的股票代码!A:B,2,0) -> 603586.SH | C7: 金麒麟 | D7: 42969 | E7: 42978 | F7: 2017年8月22日至8月31日 | G7: 45306 | H7: 1支股票在两段时期内被操纵
B8: =VLOOKUP(C8,[1]补充空白与2019的股票代码!A:B,2,0) -> 603586.SH | C8: 金麒麟 | D8: 42982 | E8: 43000 | F8: 2017年9月4日至9月22日 | G8: 45306
B9: =VLOOKUP(C9,[1]补充空白与2019的股票代码!A:B,2,0) -> 603926.SH | C9: 铁流股份 | D9: 42962 | E9: 42972 | F9: 2017年8月15日至8月25日 | G9: 45306
B10: =VLOOKUP(C10,[1]补充空白与2019的股票代码!A:B,2,0) -> 603116.SH | C10: 红蜻蜓 | D10: 42940 | E10: 42949 | F10: 2017年7月24日至8月2日 | G10: 45306 | H10: 1支股票在两段时期内被操纵
B11: =VLOOKUP(C11,[1]补充空白与2019的股票代码!A:B,2,0) -> 603116.SH | C11: 红蜻蜓 | D11: 42978 | E11: 42986 | F11: 2017年8月31日至9月8日 | G11: 45306
B12: =VLOOKUP(C12,[1]补充空白与2019的股票代码!A:B,2,0) -> 603218.SH | C12: 日月股份 | D12: 42936 | E12: 42942 | F12: 2017年7月20日至7月26日 | G12: 45306
B13: =VLOOKUP(C13,[1]补充空白与2019的股票代码!A:B,2,0) -> 603877.SH | C13: 太平鸟 | D13: 42912 | E13: 42923 | F13: 2017年6月26日至7月7日 | G13: 45306 | H13: 1支股票在两段时期内被操纵
B14: =VLOOKUP(C14,[1]补充空白与2019的股票代码!A:B,2,0) -> 603877.SH | C14: 太平鸟 | D14: 42936 | E14: 42944 | F14: 2017年7月20日至7月28日 | G14: 45306
B15: =VLOOKUP(C15,[1]补充空白与2019的股票代码!A:B,2,0) -> 603758.SH | C15: 秦安股份 | D15: 43172 | E15: 43193 | F15: 2018年3月13日至4月3日 | G15: 45306
B16: =VLOOKUP(C16,[1]补充空白与2019的股票代码!A:B,2,0) -> 603159.SH | C16: 上海亚虹 | D16: 43168 | E16: 43175 | F16: 2018年3月9日至3月16日 | G16: 45306
B17: =VLOOKUP(C17,[1]补充空白与2019的股票代码!A:B,2,0) -> 603985.SH | C17: 恒润股份 | D17: 43192 | E17: 43215 | F17: 2018年4月2日至4月25日 | G17: 45306
B18: =VLOOKUP(C18,[1]补充空白与2019的股票代码!A:B,2,0) -> 603767.SH | C18: 中马传动 | D18: 43165 | E18: 43201 | F18: 2018年3月6日至4月11日 | G18: 45306
A19: 202402 | B19: =VLOOKUP(C19,'[1]全部股票代码（手动检索）'!A:B,2,0) -> 300289.SZ | C19: 利德曼 | D19: 42801 | E19: 42951 | G19: 45296
A20: 2023151 | B20: =VLOOKUP(C20,'[1]全部股票代码（手动检索）'!A:B,2,0) -> 603638.SH | C20: 艾迪精密 | D20: 43228 | E20: 44761 | G20: 45279
A21: 202383 | B21: 300400.SZ | C21: 劲拓股份 | D21: 43045 | E21: 43584 | F21: 2017年11月6日至2019年4月29日 | G21: 45260
A22: 202377 | B22: =VLOOKUP(C22,'[1]全部股票代码（手动检索）'!A:B,2,0) -> 002358.SZ | C22: 森源电气 | D22: 43166 | E22: 43523 | G22: 45230 | H22: 操纵行为分成三个阶段，开始日期与结束日期分别为操作行为最早开始时间和最晚结束时间
A23: 202370 | B23: 002721.SZ | C23: 金一文化 | D23: 43076 | E23: 43248 | F23: 2017年12月7日至2018年5月28日 | G23: 45222
B24: =VLOOKUP(C24,'[1]全部股票代码（手动检索）'!A:B,2,0) -> 002734.SZ | C24: 利民股份 | D24: 42345 | E24: 42489 | F24: 2015年12月7日至2016年4月29日 | G24: 45191
B25: =VLOOKUP(C25,'[1]全部股票代码（手动检索）'!A:B,2,0) -> 600328.SH | C25: 兰太实业 | D25: 42314 | E25: 42479 | F25: 2015年11月6日至2016年4月19日 | G25: 45191
B26: =VLOOKUP(C26,'[1]全部股票代码（手动检索）'!A:B,2,0) -> 603309.SH | C26: 维力医疗 | D26: 42341 | E26: 42489 | F26: 2015年12月3日至2016年4月29日 | G26: 45191
B27: =VLOOKUP(C27,'[1]全部股票代码（手动检索）'!A:B,2,0) -> 600560.SH | C27: 金自天正 | D27: 42332 | E27: 42537 | F27: 2015年11月24日至2016年6月16日 | G27: 45191
B28: =VLOOKUP(C28,'[1]全部股票代码（手动检索）'!A:B,2,0) -> 600310.SH | C28: 桂东电力 | D28: 42384 | E28: 42480 | F28: 2016年1月15日至4月20日 | G28: 45191
B29: =VLOOKUP(C29,'[1]全部股票代码（手动检索）'!A:B,2,0) -> 300309.SZ | C29: 吉艾科技 | D29: 42318 | E29: 42522 | F29: 2015年11月10日至2016年6月1日 | G29: 45191
B30: =VLOOKUP(C30,'[1]全部股票代码（手动检索）'!A:B,2,0) -> 000411.SZ | C30: 英特集团 | D30: 42396 | E30: 42544 | F30: 2016年1月27日至2016年6月23日 | G30: 45191
B31: =VLOOKUP(C31,'[1]全部股票代码（手动检索）'!A:B,2,0) -> 000702.SZ | C31: 正虹科技 | D31: 42180 | E31: 42562 | F31: 2015年6月25日至2016年7月11日 | G31: 45191
B32: =VLOOKUP(C32,'[1]全部股票代码（手动检索）'!A:B,2,0) -> 000691.SZ | C32: 亚太实业 | D32: 42236 | E32: 42325 | F32: 2015年8月20日至11月17日 | G32: 45191
B33: =VLOOKUP(C33,'[1]全部股票代码（手动检索）'!A:B,2,0) -> 300478.SZ | C33: 杭州高新 | D33: 42212 | E33: 42332 | F33: 2015年7月27日至11月24日 | G33: 45191
B34: =VLOOKUP(C34,'[1]全部股票代码（手动检索）'!A:B,2,0) -> 002072.SZ | C34: 凯瑞德 | D34: 42396 | E34: 42710 | F34: 2016年1月27日至12月6日 | G34: 45191
B35: =VLOOKUP(C35,'[1]全部股票代码（手动检索）'!A:B,2,0) -> 002509.SZ | C35: 天广消防 | D35: 42227 | E35: 42440 | F35: 2015年8月11日至2016年3月11日 | G35: 45191
... B39: =VLOOKUP(C39,'[1]全部股票代码（手动检索）'!A:B,2,0) -> 600165.SH | C39: 新日恒力 | D39: 42759 | E39: 42822 | F39: 2017年1月24日至3月28日 | G39: 45191
A40: 202364 | B40: =VLOOKUP(C40,'[1]全部股票代码（手动检索）'!A:B,2,0) -> 832966.NQ | C40: 道尔智控 | D40: 42984 | E40: 43112 | F40: 2017年9月6日至2018年1月12日 | G40: 45170
A41: 202360 | B41: =VLOOKUP(C41,'[1]全部股票代码（手动检索）'!A:B,2,0) -> 002858.SZ | C41: 力盛运动 | D41: 43833 | E41: 44189 | F41: 2020年1月3日至12月24日 | G41: 45154
A42: 202355 | B42: =VLOOKUP(C42,'[1]全部股票代码（手动检索）'!A:B,2,0) -> 002760.SZ | C42: 凤形股份 | D42: 43017 | E42: 43159 | F42: 2017年10月9日至2018年2月28日 | G42: 45121
A43: 202354 | B43: =VLOOKUP(C43,'[1]全部股票代码（手动检索）'!A:B,2,0) -> 000673.SZ | C43: 当代东方 | D43: 42970 | E43: 43327 | F43: 2017年8月23日至2018年8月15日 | G43: 45113
A44: 202352 | B44: =VLOOKUP(C44,'[1]全部股票代码（手动检索）'!A:B,2,0) -> 603726.SH | C44: 朗迪集团 | D44: 43773 | E44: 43928 | F44: 2019年11月4日至2020年4月7日 | G44: 45107
A45: 202349 | B45: =VLOOKUP(C45,'[1]全部股票代码（手动检索）'!A:B,2,0) -> 603937.SH | C45: 丽岛新材 | D45: 43914 | E45: 44021 | F45: 2020年3月24日至2020年7月9日 | G45: 45106
B46: =VLOOKUP(C46,'[1]全部股票代码（手动检索）'!A:B,2,0) -> 300341.SZ | C46: 麦迪电气 | D46: 42926 | E46: 42947 | F46: 2017年7月10日至7月31日 | G46: 45094
B47: =VLOOKUP(C47,'[1]全部股票代码（手动检索）'!A:B,2,0) -> 300250.SZ | C47: 初灵信息 | D47: 43382 | E47: 43398 | F47: 2018年10月9日至10月25日 | G47: 45094
B48: =VLOOKUP(C48,'[1]全部股票代码（手动检索）'!A:B,2,0) -> 000032.SZ | C48: 深桑达A | D48: 43252 | E48: 43273 | F48: 2018年6月1日至22日 | G48: 45094
B49: =VLOOKUP(C49,'[1]全部股票代码（手动检索）'!A:B,2,0) -> 300605.SZ | C49: 恒锋信息 | D49: 43433 | E49: 43451 | F49: 2018年11月29日至12月17日 | G49: 45094
B50: =VLOOKUP(C50,'[1]全部股票代码（手动检索）'!A:B,2,0) -> 603721.SH | C50: 中广天择 | D50: 43171 | E50: 43199 | F50: 2018年3月12日至4月9日 | G50: 45094
B51: =VLOOKUP(C51,'[1]全部股票代码（手动检索）'!A:B,2,0) -> 600488.SH | C51: 天药股份 | D51: 43179 | E51: 43188 | F51: 2018年3月20日至29日 | G51: 45094
B52: =VLOOKUP(C52,'[1]全部股票代码（手动检索）'!A:B,2,0) -> 601226.SH | C52: 华电重工 | D52: 43045 | E52: 43070 | F52: 2017年11月6日至12月1日 | G52: 45094
B53: =VLOOKUP(C53,'[1]全部股票代码（手动检索）'!A:B,2,0) -> 600853.SH | C53: 龙建股份 | D53: 42968 | E53: 42984 | F53: 2017年8月21日至9月6日 | G53: 45094
B54: =VLOOKUP(C54,[1]补充空白与2019的股票代码!A:B,2,0) -> 600633.SH | C54: 浙数文化 | D54: 42674 | E54: 42944 | F54: 2016年10月31日至2017年7月28日 | G54: 45065
B55: =VLOOKUP(C55,[1]补充空白与2019的股票代码!A:B,2,0) -> 002061.SZ | C55: 浙江交科 | D55: 42972 | E55: 43238 | F55: 2017年8月25日至2018年5月18日 | G55: 45065 | H55: 1支股票在两段时期内被操纵
B56: =VLOOKUP(C56,[1]补充空白与2019的股票代码!A:B,2,0) -> 002061.SZ | C56: 浙江交科 | D56: 43241 | E56: 43476 | F56: 2018年5月21日至2019年1月11日 | G56: 45065
A57: 202337 | B57: =VLOOKUP(C57,'[1]全部股票代码（手动检索）'!A:B,2,0) -> 002776.SZ | C57: 柏堡龙 | D57: 43287 | E57: 43616 | F57: 2018年7月6日至2019年5月31日 | G57: 45064
B58: =VLOOKUP(C58,[1]补充空白与2019的股票代码!A:B,2,0) -> 600307.SH | C58: 酒钢宏兴 | D58: 42107 | E58: 42138 | F58: 2015年4月13日至2015年5月14日 | G58: 45065
B59: =VLOOKUP(C59,[1]补充空白与2019的股票代码!A:B,2,0) -> F1006086.00 | C59: 贵人鸟 | D59: 42157 | E59: 42219 | F59: 2015年6月2日至2015年8月3日 | G59: 45065
B60: =VLOOKUP(C60,[1]补充空白与2019的股票代码!A:B,2,0) -> 000723.SZ | C60: 美锦能源 | D60: 42166 | E60: 42234 | F60: 2015年6月11日至2015年8月18日 | G60: 45065 | H60: 1支股票在两段时期内被操纵
B61: =VLOOKUP(C61,[1]补充空白与2019的股票代码!A:B,2,0) -> 000723.SZ | C61: 美锦能源 | D61: 42247 | E61: 42257 | F61: 2015年8月31日至2015年9月10日 | G61: 45065
B62: =VLOOKUP(C62,[1]补充空白与2019的股票代码!A:B,2,0) -> 600281.SH | C62: 太化股份 | D62: 42180 | E62: 42207 | F62: 2015年6月25日至2015年7月22日 | G62: 45065 | H62: 1支股票在两段时期内被操纵
B63: =VLOOKUP(C63,[1]补充空白与2019的股票代码!A:B,2,0) -> 600281.SH | C63: 太化股份 | D63: 42215 | E63: 42226 | F63: 2015年7月30日至2015年8月10日 | G63: 45065
B64: =VLOOKUP(C64,[1]补充空白与2019的股票代码!A:B,2,0) -> 000753.SZ | C64: 漳州发展 | D64: 42205 | E64: 42264 | F64: 2015年7月20日至2015年9月17日 | G64: 45065 | H64: 1支股票在两段时期内被操纵
B65: =VLOOKUP(C65,[1]补充空白与2019的股票代码!A:B,2,0) -> 000753.SZ | C65: 漳州发展 | D65: 42292 | E65: 42296 | F65: 2015年10月15日至2015年10月19日 | G65: 45065
B66: =VLOOKUP(C66,[1]补充空白与2019的股票代码!A:B,2,0) -> 002093.SZ | C66: 国脉科技 | D66: 42205 | E66: 42226 | F66: 2015年7月20日至2015年8月10日 | G66: 45065 | H66: 1支股票在两段时期内被操纵
B67: =VLOOKUP(C67,[1]补充空白与2019的股票代码!A:B,2,0) -> 002093.SZ | C67: 国脉科技 | D67: 42244 | E67: 42254 | F67: 2015年8月28日至2015年9月7日 | G67: 45065
B68: =VLOOKUP(C68,[1]补充空白与2019的股票代码!A:B,2,0) -> 000537.SZ | C68: 广宇发展 | D68: 42208 | E68: 42255 | F68: 2015年7月23日至2015年9月8日 | G68: 45065 | H68: 1支股票在三段时期内被操纵
B69: =VLOOKUP(C69,[1]补充空白与2019的股票代码!A:B,2,0) -> 000537.SZ | C69: 广宇发展 | D69: 42272 | E69: 42321 | F69: 2015年9月25日至2015年11月13日 | G69: 45065
B70: =VLOOKUP(C70,[1]补充空白与2019的股票代码!A:B,2,0) -> 000537.SZ | C70: 广宇发展 | D70: 42334 | E70: 42352 | F70: 2015年11月26日至2015年12月14日 | G70: 45065
B71: =VLOOKUP(C71,[1]补充空白与2019的股票代码!A:B,2,0) -> 600303.SH | C71: 曙光股份 | D71: 42229 | E71: 42249 | F71: 2015年8月13日至2015年9月2日 | G71: 45065
B72: =VLOOKUP(C72,[1]补充空白与2019的股票代码!A:B,2,0) -> 600796.SH | C72: 钱江生化 | D72: 42229 | E72: 42255 | F72: 2015年8月13日至2015年9月8日 | G72: 45065
B73: =VLOOKUP(C73,[1]补充空白与2019的股票代码!A:B,2,0) -> 002133.SZ | C73: 广宇集团 | D73: 42229 | E73: 42254 | F73: 2015年8月13日至2015年9月7日 | G73: 45065
B74: =VLOOKUP(C74,[1]补充空白与2019的股票代码!A:B,2,0) -> 600218.SH | C74: 全柴动力 | D74: 42268 | E74: 42277 | F74: 2015年9月21日至2015年9月30日 | G74: 45065 | H74: 1支股票在两段时期内被操纵
B75: =VLOOKUP(C75,[1]补充空白与2019的股票代码!A:B,2,0) -> 600218.SH | C75: 全柴动力 | D75: 42333 | E75: 42355 | F75: 2015年11月25日至2015年12月17日 | G75: 45065
B76: =VLOOKUP(C76,[1]补充空白与2019的股票代码!A:B,2,0) -> 002220.SZ | C76: 天宝股份 | D76: 42293 | E76: 42310 | F76: 2015年10月16日至2015年11月2日 | G76: 45065
B77: =VLOOKUP(C77,[1]补充空白与2019的股票代码!A:B,2,0) -> 000683.SZ | C77: 远兴能源 | D77: 42601 | E77: 42681 | F77: 2016年8月19日至2016年11月7日 | G77: 45065 | H77: 1支股票在两段时期内被操纵
B78: =VLOOKUP(C78,[1]补充空白与2019的股票代码!A:B,2,0) -> 000683.SZ | C78: 远兴能源 | D78: 42920 | E78: 42999 | F78: 2017年7月4日至2017年9月21日 | G78: 45065
B79: =VLOOKUP(C79,[1]补充空白与2019的股票代码!A:B,2,0) -> 300263.SZ | C79: 隆华节能 | D79: 42872 | E79: 43003 | F79: 2017年5月17日至2017年9月25日 | G79: 45065
B80: =VLOOKUP(C80,[1]补充空白与2019的股票代码!A:B,2,0) -> 600251.SH | C80: 冠农股份 | D80: 42895 | E80: 42934 | F80: 2017年6月9日至2017年7月18日 | G80: 45065
B81: =VLOOKUP(C81,[1]补充空白与2019的股票代码!A:B,2,0) -> 600300.SH | C81: 维维股份 | D81: 42892 | E81: 42902 | F81: 2017年6月6日至2017年6月16日 | G81: 45065 | H81: 1支股票在三段时期内被操纵
B82: =VLOOKUP(C82,[1]补充空白与2019的股票代码!A:B,2,0) -> 600300.SH | C82: 维维股份 | D82: 42929 | E82: 42943 | F82: 2017年7月13日至2017年7月27日 | G82: 45065
B83: =VLOOKUP(C83,[1]补充空白与2019的股票代码!A:B,2,0) -> 600300.SH | C83: 维维股份 | D83: 43019 | E83: 43032 | F83: 2017年10月11日至2017年10月24日 | G83: 45065
A84: 202333 | B84: =VLOOKUP(C84,'[1]全部股票代码（手动检索）'!A:B,2,0) -> 600333.SH | C84: 长春燃气 | D84: 42774 | E84: 42782 | F84: 2017年2月8日至2017年2月16日 | G84: 45043
A85: 202327 | B85: =VLOOKUP(C85,'[1]全部股票代码（手动检索）'!A:B,2,0) -> 300509.SZ | C85: 新美星 | D85: 43369 | E85: 43642 | F85: 2018年9月26日至2019年6月26日 | G85: 45027
B86: =VLOOKUP(C86,'[1]全部股票代码（手动检索）'!A:B,2,0) -> 603266.SH | C86: 天龙股份 | D86: 43509 | E86: 43595 | F86: 2019年2月13日至5月10日 | G86: 45023
B87: =VLOOKUP(C87,'[1]全部股票代码（手动检索）'!A:B,2,0) -> 603365.SH | C87: 水星家纺 | D87: 43451 | E87: 43529 | F87: 2018年12月17日至2019年3月5日 | G87: 45023
B88: =VLOOKUP(C88,'[1]全部股票代码（手动检索）'!A:B,2,0) -> 300539.SZ | C88: 横河模具 | D88: 43493 | E88: 43537 | F88: 2019年1月28日至3月13日 | G88: 45023
B89: =VLOOKUP(C89,'[1]全部股票代码（手动检索）'!A:B,2,0) -> 300658.SZ | C89: 延江股份 | D89: 43509 | E89: 43595 | G89: 45023
A90: 202317 | B90: =VLOOKUP(C90,'[1]全部股票代码（手动检索）'!A:B,2,0) -> 603222.SH | C90: 济民医疗 | D90: 42823 | E90: 43136 | F90: 2017年3月29日至2018年2月5日 | G90: 44992
A91: 202305 | B91: =VLOOKUP(C91,'[1]全部股票代码（手动检索）'!A:B,2,0) -> 002780.SZ | C91: 三夫户外 | D91: 43405 | E91: 44001 | F91: 2018年11月1日至2020年6月19日 | G91: 44958
A92: 202272 | B92: =VLOOKUP(C92,'[1]全部股票代码（手动检索）'!A:B,2,0) -> 603577.SH | C92: 汇金通 | D92: 42800 | E92: 42849 | F92: 2017年3月6日至4月24日 | G92: 44923
A93: 202270 | B93: =VLOOKUP(C93,'[1]全部股票代码（手动检索）'!A:B,2,0) -> 603303.SH | C93: 得邦照明 | D93: 43242 | E93: 43593 | F93: 2018年5月22日至2019年5月8日 | G93: 44907
B94: =VLOOKUP(C94,'[1]全部股票代码（手动检索）'!A:B,2,0) -> 601518.SH | C94: 吉林高速 | D94: 43864 | E94: 44631 | G94: 44888 | H94: 存在两轮操纵
B95: =VLOOKUP(C95,'[1]全部股票代码（手动检索）'!A:B,2,0) -> 601518.SH | C95: 吉林高速 | D95: 43979 | E95: 43997 | G95: 44888
B96: =VLOOKUP(C96,'[1]全部股票代码（手动检索）'!A:B,2,0) -> 600719.SH | C96: 大连热电 | D96: 43917 | E96: 43924 | F96: 2020年3月27日至4月3日 | G96: 44888
B97: =VLOOKUP(C97,'[1]全部股票代码（手动检索）'!A:B,2,0) -> 600793.SH | C97: 宜宾纸业 | D97: 43948 | E97: 43959 | F97: 2020年4月27日至5月8日 | G97: 44888
B98: =VLOOKUP(C98,'[1]全部股票代码（手动检索）'!A:B,2,0) -> 601368.SH | C98: 绿城水务 | D98: 43958 | E98: 43969 | F98: 2020年5月7日至5月18日 | G98: 44888
B99: =VLOOKUP(C99,'[1]全部股票代码（手动检索）'!A:B,2,0) -> 600982.SH | C99: 宁波热电 | D99: 43964 | E99: 43984 | F99: 2020年5月13日至6月2日 | G99: 44888
B100: =VLOOKUP(C100,'[1]全部股票代码（手动检索）'!A:B,2,0) -> 603958.SH | C100: 哈森股份 | D100: 43983 | E100: 43986 | F100: 2020年6月1日至6月4日 | G100: 44888
B101: =VLOOKUP(C101,'[1]全部股票代码（手动检索）'!A:B,2,0) -> 002718.SZ | C101: 友邦吊顶 | D101: 43986 | E101: 44027 | F101: 2020年6月4日至7月15日 | G101: 44888
B102: =VLOOKUP(C102,'[1]全部股票代码（手动检索）'!A:B,2,0) -> 000985.SZ | C102: 大庆华科 | D102: 44015 | E102: 44141 | F102: 2020年7月3日至11月6日 | G102: 44888
A103: 202261 | B103: =VLOOKUP(C103,'[1]全部股票代码（手动检索）'!A:B,2,0) -> 002752.SZ | C103: 昇兴股份 | D103: 43809 | E103: 43915 | F103: 2019年12月10日至2020年3月25日 | G103: 44867
...
